{
  "skins" : [
    {
      "type" : "free",
      "geometry" : "geometry.humanoid.custom",
      "localization_name" : "skin01",
      "texture" : "1.png"
    },
    {
      "type" : "free",
      "geometry" : "geometry.humanoid.customSlim",
      "localization_name" : "skin02",
      "texture" : "2.png"
    },
    {
      "type" : "free",
      "geometry" : "geometry.humanoid.customSlim",
      "localization_name" : "skin03",
      "texture" : "3.png"
    }
  ],
  "geometry" : "skinpacks\/skins.json",
  "localization_name" : "skinpack0123456",
  "serialize_name" : "skinpack0123456"
}